<?xml version="1.0" encoding="UTF-8"?>
<project-private xmlns="http://www.netbeans.org/ns/project-private/1">
    <editor-bookmarks xmlns="http://www.netbeans.org/ns/editor-bookmarks/2" lastBookmarkId="1">
        <file>
            <url>models/Category.php</url>
            <bookmark id="1">
                <name/>
                <line>1105</line>
                <key/>
            </bookmark>
        </file>
    </editor-bookmarks>
    <open-files xmlns="http://www.netbeans.org/ns/projectui-open-files/2">
        <group>
            <file>file:/C:/xampp/htdocs/electronics/views/electronics/about.php</file>
            <file>file:/C:/xampp/htdocs/electronics/modules/admin/views/tablet/index.php</file>
            <file>file:/C:/xampp/htdocs/electronics/models/Category.php</file>
            <file>file:/C:/xampp/htdocs/electronics/views/electronics/index.php</file>
            <file>file:/C:/xampp/htdocs/electronics/models/Tablet.php</file>
            <file>file:/C:/xampp/htdocs/electronics/models/EmployeeSerialnumber.php</file>
            <file>file:/C:/xampp/htdocs/electronics/web/index.php</file>
            <file>file:/C:/xampp/htdocs/electronics/models/SurnameEmployee.php</file>
            <file>file:/C:/xampp/htdocs/electronics/controllers/ElectronicsController.php</file>
            <file>file:/C:/xampp/htdocs/electronics/models/ModelDatabase.php</file>
            <file>file:/C:/xampp/htdocs/electronics/models/CrudForm.php</file>
            <file>file:/C:/xampp/htdocs/electronics/views/layouts/main.php</file>
            <file>file:/C:/xampp/htdocs/electronics/views/electronics/product-details.php</file>
            <file>file:/C:/xampp/htdocs/electronics/views/electronics/shop-list.php</file>
        </group>
    </open-files>
</project-private>
